<?xml version="1.0" encoding="UTF-8"?>
<metadata xml:lang="en"><Esri><CreaDate>20210531</CreaDate><CreaTime>15492800</CreaTime><ArcGISFormat>1.0</ArcGISFormat><SyncOnce>TRUE</SyncOnce><DataProperties><lineage><Process ToolSource="d:\arcgis pro\Resources\ArcToolbox\toolboxes\Conversion Tools.tbx\TableToTable" Date="20210531" Time="154928">TableToTable zonal2016 D:\raster_projects\geog296final_working zonal2016.csv # "LABEL "LABEL" true true false 33 Text 0 0,First,#,zonal2016,zonal2016.LABEL,0,33;CLASS_1 "CLASS_1" true true false 4 Long 0 0,First,#,zonal2016,zonal2016.CLASS_1,-1,-1;CLASS_2 "CLASS_2" true true false 4 Long 0 0,First,#,zonal2016,zonal2016.CLASS_2,-1,-1;CLASS_3 "CLASS_3" true true false 4 Long 0 0,First,#,zonal2016,zonal2016.CLASS_3,-1,-1;CLASS_4 "CLASS_4" true true false 4 Long 0 0,First,#,zonal2016,zonal2016.CLASS_4,-1,-1;CLASS_5 "CLASS_5" true true false 4 Long 0 0,First,#,zonal2016,zonal2016.CLASS_5,-1,-1;CLASS_6 "CLASS_6" true true false 4 Long 0 0,First,#,zonal2016,zonal2016.CLASS_6,-1,-1;CLASS_7 "CLASS_7" true true false 4 Long 0 0,First,#,zonal2016,zonal2016.CLASS_7,-1,-1;CLASS_8 "CLASS_8" true true false 4 Long 0 0,First,#,zonal2016,zonal2016.CLASS_8,-1,-1;CLASS_9 "CLASS_9" true true false 4 Long 0 0,First,#,zonal2016,zonal2016.CLASS_9,-1,-1;CLASS_10 "CLASS_10" true true false 4 Long 0 0,First,#,zonal2016,zonal2016.CLASS_10,-1,-1;CLASS_11 "CLASS_11" true true false 4 Long 0 0,First,#,zonal2016,zonal2016.CLASS_11,-1,-1;CLASS_12 "CLASS_12" true true false 4 Long 0 0,First,#,zonal2016,zonal2016.CLASS_12,-1,-1;CLASS_13 "CLASS_13" true true false 4 Long 0 0,First,#,zonal2016,zonal2016.CLASS_13,-1,-1;CLASS_14 "CLASS_14" true true false 4 Long 0 0,First,#,zonal2016,zonal2016.CLASS_14,-1,-1;CLASS_15 "CLASS_15" true true false 4 Long 0 0,First,#,zonal2016,zonal2016.CLASS_15,-1,-1;CLASS_16 "CLASS_16" true true false 4 Long 0 0,First,#,zonal2016,zonal2016.CLASS_16,-1,-1;CLASS_17 "CLASS_17" true true false 4 Long 0 0,First,#,zonal2016,zonal2016.CLASS_17,-1,-1;CLASS_18 "CLASS_18" true true false 4 Long 0 0,First,#,zonal2016,zonal2016.CLASS_18,-1,-1;CLASS_19 "CLASS_19" true true false 4 Long 0 0,First,#,zonal2016,zonal2016.CLASS_19,-1,-1;CLASS_20 "CLASS_20" true true false 4 Long 0 0,First,#,zonal2016,zonal2016.CLASS_20,-1,-1;CLASS_21 "CLASS_21" true true false 4 Long 0 0,First,#,zonal2016,zonal2016.CLASS_21,-1,-1;CLASS_22 "CLASS_22" true true false 4 Long 0 0,First,#,zonal2016,zonal2016.CLASS_22,-1,-1;CLASS_23 "CLASS_23" true true false 4 Long 0 0,First,#,zonal2016,zonal2016.CLASS_23,-1,-1;CLASS_24 "CLASS_24" true true false 4 Long 0 0,First,#,zonal2016,zonal2016.CLASS_24,-1,-1;CLASS_25 "CLASS_25" true true false 4 Long 0 0,First,#,zonal2016,zonal2016.CLASS_25,-1,-1;CLASS_26 "CLASS_26" true true false 4 Long 0 0,First,#,zonal2016,zonal2016.CLASS_26,-1,-1;CLASS_27 "CLASS_27" true true false 4 Long 0 0,First,#,zonal2016,zonal2016.CLASS_27,-1,-1;CLASS_28 "CLASS_28" true true false 4 Long 0 0,First,#,zonal2016,zonal2016.CLASS_28,-1,-1;CLASS_29 "CLASS_29" true true false 4 Long 0 0,First,#,zonal2016,zonal2016.CLASS_29,-1,-1;CLASS_30 "CLASS_30" true true false 4 Long 0 0,First,#,zonal2016,zonal2016.CLASS_30,-1,-1;CLASS_31 "CLASS_31" true true false 4 Long 0 0,First,#,zonal2016,zonal2016.CLASS_31,-1,-1;CLASS_32 "CLASS_32" true true false 4 Long 0 0,First,#,zonal2016,zonal2016.CLASS_32,-1,-1;CLASS_33 "CLASS_33" true true false 4 Long 0 0,First,#,zonal2016,zonal2016.CLASS_33,-1,-1;CLASS_34 "CLASS_34" true true false 4 Long 0 0,First,#,zonal2016,zonal2016.CLASS_34,-1,-1;CLASS_35 "CLASS_35" true true false 4 Long 0 0,First,#,zonal2016,zonal2016.CLASS_35,-1,-1;CLASS_36 "CLASS_36" true true false 4 Long 0 0,First,#,zonal2016,zonal2016.CLASS_36,-1,-1;CLASS_37 "CLASS_37" true true false 4 Long 0 0,First,#,zonal2016,zonal2016.CLASS_37,-1,-1;CLASS_38 "CLASS_38" true true false 4 Long 0 0,First,#,zonal2016,zonal2016.CLASS_38,-1,-1;CLASS_39 "CLASS_39" true true false 4 Long 0 0,First,#,zonal2016,zonal2016.CLASS_39,-1,-1;CLASS_40 "CLASS_40" true true false 4 Long 0 0,First,#,zonal2016,zonal2016.CLASS_40,-1,-1;CLASS_41 "CLASS_41" true true false 4 Long 0 0,First,#,zonal2016,zonal2016.CLASS_41,-1,-1;CLASS_42 "CLASS_42" true true false 4 Long 0 0,First,#,zonal2016,zonal2016.CLASS_42,-1,-1;CLASS_43 "CLASS_43" true true false 4 Long 0 0,First,#,zonal2016,zonal2016.CLASS_43,-1,-1;CLASS_44 "CLASS_44" true true false 4 Long 0 0,First,#,zonal2016,zonal2016.CLASS_44,-1,-1;CLASS_45 "CLASS_45" true true false 4 Long 0 0,First,#,zonal2016,zonal2016.CLASS_45,-1,-1;CLASS_46 "CLASS_46" true true false 4 Long 0 0,First,#,zonal2016,zonal2016.CLASS_46,-1,-1;CLASS_47 "CLASS_47" true true false 4 Long 0 0,First,#,zonal2016,zonal2016.CLASS_47,-1,-1;CLASS_48 "CLASS_48" true true false 4 Long 0 0,First,#,zonal2016,zonal2016.CLASS_48,-1,-1;CLASS_49 "CLASS_49" true true false 4 Long 0 0,First,#,zonal2016,zonal2016.CLASS_49,-1,-1;CLASS_50 "CLASS_50" true true false 4 Long 0 0,First,#,zonal2016,zonal2016.CLASS_50,-1,-1;CLASS_51 "CLASS_51" true true false 4 Long 0 0,First,#,zonal2016,zonal2016.CLASS_51,-1,-1;CLASS_52 "CLASS_52" true true false 4 Long 0 0,First,#,zonal2016,zonal2016.CLASS_52,-1,-1;CLASS_53 "CLASS_53" true true false 4 Long 0 0,First,#,zonal2016,zonal2016.CLASS_53,-1,-1;CLASS_54 "CLASS_54" true true false 4 Long 0 0,First,#,zonal2016,zonal2016.CLASS_54,-1,-1;CLASS_55 "CLASS_55" true true false 4 Long 0 0,First,#,zonal2016,zonal2016.CLASS_55,-1,-1;CLASS_56 "CLASS_56" true true false 4 Long 0 0,First,#,zonal2016,zonal2016.CLASS_56,-1,-1;CLASS_57 "CLASS_57" true true false 4 Long 0 0,First,#,zonal2016,zonal2016.CLASS_57,-1,-1;CLASS_58 "CLASS_58" true true false 4 Long 0 0,First,#,zonal2016,zonal2016.CLASS_58,-1,-1;CLASS_59 "CLASS_59" true true false 4 Long 0 0,First,#,zonal2016,zonal2016.CLASS_59,-1,-1;CLASS_60 "CLASS_60" true true false 4 Long 0 0,First,#,zonal2016,zonal2016.CLASS_60,-1,-1;CLASS_61 "CLASS_61" true true false 4 Long 0 0,First,#,zonal2016,zonal2016.CLASS_61,-1,-1;CLASS_62 "CLASS_62" true true false 4 Long 0 0,First,#,zonal2016,zonal2016.CLASS_62,-1,-1;CLASS_63 "CLASS_63" true true false 4 Long 0 0,First,#,zonal2016,zonal2016.CLASS_63,-1,-1;CLASS_64 "CLASS_64" true true false 4 Long 0 0,First,#,zonal2016,zonal2016.CLASS_64,-1,-1;CLASS_65 "CLASS_65" true true false 4 Long 0 0,First,#,zonal2016,zonal2016.CLASS_65,-1,-1;CLASS_66 "CLASS_66" true true false 4 Long 0 0,First,#,zonal2016,zonal2016.CLASS_66,-1,-1;CLASS_67 "CLASS_67" true true false 4 Long 0 0,First,#,zonal2016,zonal2016.CLASS_67,-1,-1;CLASS_68 "CLASS_68" true true false 4 Long 0 0,First,#,zonal2016,zonal2016.CLASS_68,-1,-1;CLASS_69 "CLASS_69" true true false 4 Long 0 0,First,#,zonal2016,zonal2016.CLASS_69,-1,-1;CLASS_70 "CLASS_70" true true false 4 Long 0 0,First,#,zonal2016,zonal2016.CLASS_70,-1,-1;CLASS_71 "CLASS_71" true true false 4 Long 0 0,First,#,zonal2016,zonal2016.CLASS_71,-1,-1;CLASS_72 "CLASS_72" true true false 4 Long 0 0,First,#,zonal2016,zonal2016.CLASS_72,-1,-1;CLASS_73 "CLASS_73" true true false 4 Long 0 0,First,#,zonal2016,zonal2016.CLASS_73,-1,-1;CLASS_74 "CLASS_74" true true false 4 Long 0 0,First,#,zonal2016,zonal2016.CLASS_74,-1,-1;CLASS_75 "CLASS_75" true true false 4 Long 0 0,First,#,zonal2016,zonal2016.CLASS_75,-1,-1;CLASS_76 "CLASS_76" true true false 4 Long 0 0,First,#,zonal2016,zonal2016.CLASS_76,-1,-1;CLASS_77 "CLASS_77" true true false 4 Long 0 0,First,#,zonal2016,zonal2016.CLASS_77,-1,-1;CLASS_78 "CLASS_78" true true false 4 Long 0 0,First,#,zonal2016,zonal2016.CLASS_78,-1,-1;CLASS_79 "CLASS_79" true true false 4 Long 0 0,First,#,zonal2016,zonal2016.CLASS_79,-1,-1;CLASS_80 "CLASS_80" true true false 4 Long 0 0,First,#,zonal2016,zonal2016.CLASS_80,-1,-1;CLASS_81 "CLASS_81" true true false 4 Long 0 0,First,#,zonal2016,zonal2016.CLASS_81,-1,-1;CLASS_82 "CLASS_82" true true false 4 Long 0 0,First,#,zonal2016,zonal2016.CLASS_82,-1,-1;CLASS_83 "CLASS_83" true true false 4 Long 0 0,First,#,zonal2016,zonal2016.CLASS_83,-1,-1;CLASS_84 "CLASS_84" true true false 4 Long 0 0,First,#,zonal2016,zonal2016.CLASS_84,-1,-1;CLASS_85 "CLASS_85" true true false 4 Long 0 0,First,#,zonal2016,zonal2016.CLASS_85,-1,-1;CLASS_86 "CLASS_86" true true false 4 Long 0 0,First,#,zonal2016,zonal2016.CLASS_86,-1,-1;CLASS_87 "CLASS_87" true true false 4 Long 0 0,First,#,zonal2016,zonal2016.CLASS_87,-1,-1;CLASS_88 "CLASS_88" true true false 4 Long 0 0,First,#,zonal2016,zonal2016.CLASS_88,-1,-1;CLASS_89 "CLASS_89" true true false 4 Long 0 0,First,#,zonal2016,zonal2016.CLASS_89,-1,-1;CLASS_90 "CLASS_90" true true false 4 Long 0 0,First,#,zonal2016,zonal2016.CLASS_90,-1,-1;CLASS_91 "CLASS_91" true true false 4 Long 0 0,First,#,zonal2016,zonal2016.CLASS_91,-1,-1;CLASS_92 "CLASS_92" true true false 4 Long 0 0,First,#,zonal2016,zonal2016.CLASS_92,-1,-1;CLASS_93 "CLASS_93" true true false 4 Long 0 0,First,#,zonal2016,zonal2016.CLASS_93,-1,-1;CLASS_94 "CLASS_94" true true false 4 Long 0 0,First,#,zonal2016,zonal2016.CLASS_94,-1,-1;CLASS_95 "CLASS_95" true true false 4 Long 0 0,First,#,zonal2016,zonal2016.CLASS_95,-1,-1;CLASS_96 "CLASS_96" true true false 4 Long 0 0,First,#,zonal2016,zonal2016.CLASS_96,-1,-1;CLASS_97 "CLASS_97" true true false 4 Long 0 0,First,#,zonal2016,zonal2016.CLASS_97,-1,-1;CLASS_98 "CLASS_98" true true false 4 Long 0 0,First,#,zonal2016,zonal2016.CLASS_98,-1,-1;CLASS_99 "CLASS_99" true true false 4 Long 0 0,First,#,zonal2016,zonal2016.CLASS_99,-1,-1;CLASS_100 "CLASS_100" true true false 4 Long 0 0,First,#,zonal2016,zonal2016.CLASS_100,-1,-1;CLASS_101 "CLASS_101" true true false 4 Long 0 0,First,#,zonal2016,zonal2016.CLASS_101,-1,-1;CLASS_102 "CLASS_102" true true false 4 Long 0 0,First,#,zonal2016,zonal2016.CLASS_102,-1,-1;CLASS_103 "CLASS_103" true true false 4 Long 0 0,First,#,zonal2016,zonal2016.CLASS_103,-1,-1;CLASS_104 "CLASS_104" true true false 4 Long 0 0,First,#,zonal2016,zonal2016.CLASS_104,-1,-1;CLASS_105 "CLASS_105" true true false 4 Long 0 0,First,#,zonal2016,zonal2016.CLASS_105,-1,-1;CLASS_106 "CLASS_106" true true false 4 Long 0 0,First,#,zonal2016,zonal2016.CLASS_106,-1,-1;CLASS_107 "CLASS_107" true true false 4 Long 0 0,First,#,zonal2016,zonal2016.CLASS_107,-1,-1;CLASS_108 "CLASS_108" true true false 4 Long 0 0,First,#,zonal2016,zonal2016.CLASS_108,-1,-1;CLASS_109 "CLASS_109" true true false 4 Long 0 0,First,#,zonal2016,zonal2016.CLASS_109,-1,-1;CLASS_110 "CLASS_110" true true false 4 Long 0 0,First,#,zonal2016,zonal2016.CLASS_110,-1,-1;CLASS_111 "CLASS_111" true true false 4 Long 0 0,First,#,zonal2016,zonal2016.CLASS_111,-1,-1;CLASS_112 "CLASS_112" true true false 4 Long 0 0,First,#,zonal2016,zonal2016.CLASS_112,-1,-1;CLASS_113 "CLASS_113" true true false 4 Long 0 0,First,#,zonal2016,zonal2016.CLASS_113,-1,-1;CLASS_114 "CLASS_114" true true false 4 Long 0 0,First,#,zonal2016,zonal2016.CLASS_114,-1,-1;CLASS_115 "CLASS_115" true true false 4 Long 0 0,First,#,zonal2016,zonal2016.CLASS_115,-1,-1;CLASS_116 "CLASS_116" true true false 4 Long 0 0,First,#,zonal2016,zonal2016.CLASS_116,-1,-1;CLASS_117 "CLASS_117" true true false 4 Long 0 0,First,#,zonal2016,zonal2016.CLASS_117,-1,-1;CLASS_118 "CLASS_118" true true false 4 Long 0 0,First,#,zonal2016,zonal2016.CLASS_118,-1,-1;CLASS_119 "CLASS_119" true true false 4 Long 0 0,First,#,zonal2016,zonal2016.CLASS_119,-1,-1;CLASS_120 "CLASS_120" true true false 4 Long 0 0,First,#,zonal2016,zonal2016.CLASS_120,-1,-1;CLASS_121 "CLASS_121" true true false 4 Long 0 0,First,#,zonal2016,zonal2016.CLASS_121,-1,-1;CLASS_122 "CLASS_122" true true false 4 Long 0 0,First,#,zonal2016,zonal2016.CLASS_122,-1,-1;CLASS_123 "CLASS_123" true true false 4 Long 0 0,First,#,zonal2016,zonal2016.CLASS_123,-1,-1;CLASS_124 "CLASS_124" true true false 4 Long 0 0,First,#,zonal2016,zonal2016.CLASS_124,-1,-1;CLASS_125 "CLASS_125" true true false 4 Long 0 0,First,#,zonal2016,zonal2016.CLASS_125,-1,-1;CLASS_126 "CLASS_126" true true false 4 Long 0 0,First,#,zonal2016,zonal2016.CLASS_126,-1,-1;CLASS_127 "CLASS_127" true true false 4 Long 0 0,First,#,zonal2016,zonal2016.CLASS_127,-1,-1;CLASS_128 "CLASS_128" true true false 4 Long 0 0,First,#,zonal2016,zonal2016.CLASS_128,-1,-1;CLASS_129 "CLASS_129" true true false 4 Long 0 0,First,#,zonal2016,zonal2016.CLASS_129,-1,-1;CLASS_130 "CLASS_130" true true false 4 Long 0 0,First,#,zonal2016,zonal2016.CLASS_130,-1,-1;CLASS_131 "CLASS_131" true true false 4 Long 0 0,First,#,zonal2016,zonal2016.CLASS_131,-1,-1;CLASS_132 "CLASS_132" true true false 4 Long 0 0,First,#,zonal2016,zonal2016.CLASS_132,-1,-1;CLASS_133 "CLASS_133" true true false 4 Long 0 0,First,#,zonal2016,zonal2016.CLASS_133,-1,-1;CLASS_134 "CLASS_134" true true false 4 Long 0 0,First,#,zonal2016,zonal2016.CLASS_134,-1,-1;CLASS_135 "CLASS_135" true true false 4 Long 0 0,First,#,zonal2016,zonal2016.CLASS_135,-1,-1;CLASS_136 "CLASS_136" true true false 4 Long 0 0,First,#,zonal2016,zonal2016.CLASS_136,-1,-1;CLASS_137 "CLASS_137" true true false 4 Long 0 0,First,#,zonal2016,zonal2016.CLASS_137,-1,-1;CLASS_138 "CLASS_138" true true false 4 Long 0 0,First,#,zonal2016,zonal2016.CLASS_138,-1,-1;CLASS_139 "CLASS_139" true true false 4 Long 0 0,First,#,zonal2016,zonal2016.CLASS_139,-1,-1;CLASS_140 "CLASS_140" true true false 4 Long 0 0,First,#,zonal2016,zonal2016.CLASS_140,-1,-1;CLASS_141 "CLASS_141" true true false 4 Long 0 0,First,#,zonal2016,zonal2016.CLASS_141,-1,-1;CLASS_142 "CLASS_142" true true false 4 Long 0 0,First,#,zonal2016,zonal2016.CLASS_142,-1,-1;CLASS_143 "CLASS_143" true true false 4 Long 0 0,First,#,zonal2016,zonal2016.CLASS_143,-1,-1;CLASS_144 "CLASS_144" true true false 4 Long 0 0,First,#,zonal2016,zonal2016.CLASS_144,-1,-1;CLASS_145 "CLASS_145" true true false 4 Long 0 0,First,#,zonal2016,zonal2016.CLASS_145,-1,-1;CLASS_146 "CLASS_146" true true false 4 Long 0 0,First,#,zonal2016,zonal2016.CLASS_146,-1,-1;CLASS_147 "CLASS_147" true true false 4 Long 0 0,First,#,zonal2016,zonal2016.CLASS_147,-1,-1;CLASS_148 "CLASS_148" true true false 4 Long 0 0,First,#,zonal2016,zonal2016.CLASS_148,-1,-1;CLASS_149 "CLASS_149" true true false 4 Long 0 0,First,#,zonal2016,zonal2016.CLASS_149,-1,-1;CLASS_150 "CLASS_150" true true false 4 Long 0 0,First,#,zonal2016,zonal2016.CLASS_150,-1,-1;CLASS_151 "CLASS_151" true true false 4 Long 0 0,First,#,zonal2016,zonal2016.CLASS_151,-1,-1;CLASS_152 "CLASS_152" true true false 4 Long 0 0,First,#,zonal2016,zonal2016.CLASS_152,-1,-1;CLASS_153 "CLASS_153" true true false 4 Long 0 0,First,#,zonal2016,zonal2016.CLASS_153,-1,-1;CLASS_154 "CLASS_154" true true false 4 Long 0 0,First,#,zonal2016,zonal2016.CLASS_154,-1,-1;CLASS_155 "CLASS_155" true true false 4 Long 0 0,First,#,zonal2016,zonal2016.CLASS_155,-1,-1;CLASS_156 "CLASS_156" true true false 4 Long 0 0,First,#,zonal2016,zonal2016.CLASS_156,-1,-1;CLASS_157 "CLASS_157" true true false 4 Long 0 0,First,#,zonal2016,zonal2016.CLASS_157,-1,-1;CLASS_158 "CLASS_158" true true false 4 Long 0 0,First,#,zonal2016,zonal2016.CLASS_158,-1,-1;CLASS_159 "CLASS_159" true true false 4 Long 0 0,First,#,zonal2016,zonal2016.CLASS_159,-1,-1;CLASS_160 "CLASS_160" true true false 4 Long 0 0,First,#,zonal2016,zonal2016.CLASS_160,-1,-1;CLASS_161 "CLASS_161" true true false 4 Long 0 0,First,#,zonal2016,zonal2016.CLASS_161,-1,-1;CLASS_162 "CLASS_162" true true false 4 Long 0 0,First,#,zonal2016,zonal2016.CLASS_162,-1,-1;CLASS_163 "CLASS_163" true true false 4 Long 0 0,First,#,zonal2016,zonal2016.CLASS_163,-1,-1;CLASS_164 "CLASS_164" true true false 4 Long 0 0,First,#,zonal2016,zonal2016.CLASS_164,-1,-1;CLASS_165 "CLASS_165" true true false 4 Long 0 0,First,#,zonal2016,zonal2016.CLASS_165,-1,-1;CLASS_166 "CLASS_166" true true false 4 Long 0 0,First,#,zonal2016,zonal2016.CLASS_166,-1,-1;CLASS_167 "CLASS_167" true true false 4 Long 0 0,First,#,zonal2016,zonal2016.CLASS_167,-1,-1;CLASS_168 "CLASS_168" true true false 4 Long 0 0,First,#,zonal2016,zonal2016.CLASS_168,-1,-1;CLASS_169 "CLASS_169" true true false 4 Long 0 0,First,#,zonal2016,zonal2016.CLASS_169,-1,-1;CLASS_170 "CLASS_170" true true false 4 Long 0 0,First,#,zonal2016,zonal2016.CLASS_170,-1,-1;CLASS_171 "CLASS_171" true true false 4 Long 0 0,First,#,zonal2016,zonal2016.CLASS_171,-1,-1;CLASS_172 "CLASS_172" true true false 4 Long 0 0,First,#,zonal2016,zonal2016.CLASS_172,-1,-1;CLASS_173 "CLASS_173" true true false 4 Long 0 0,First,#,zonal2016,zonal2016.CLASS_173,-1,-1;CLASS_174 "CLASS_174" true true false 4 Long 0 0,First,#,zonal2016,zonal2016.CLASS_174,-1,-1;CLASS_175 "CLASS_175" true true false 4 Long 0 0,First,#,zonal2016,zonal2016.CLASS_175,-1,-1;CLASS_176 "CLASS_176" true true false 4 Long 0 0,First,#,zonal2016,zonal2016.CLASS_176,-1,-1;CLASS_177 "CLASS_177" true true false 4 Long 0 0,First,#,zonal2016,zonal2016.CLASS_177,-1,-1;CLASS_178 "CLASS_178" true true false 4 Long 0 0,First,#,zonal2016,zonal2016.CLASS_178,-1,-1;CLASS_179 "CLASS_179" true true false 4 Long 0 0,First,#,zonal2016,zonal2016.CLASS_179,-1,-1;CLASS_180 "CLASS_180" true true false 4 Long 0 0,First,#,zonal2016,zonal2016.CLASS_180,-1,-1;CLASS_181 "CLASS_181" true true false 4 Long 0 0,First,#,zonal2016,zonal2016.CLASS_181,-1,-1;CLASS_182 "CLASS_182" true true false 4 Long 0 0,First,#,zonal2016,zonal2016.CLASS_182,-1,-1;CLASS_183 "CLASS_183" true true false 4 Long 0 0,First,#,zonal2016,zonal2016.CLASS_183,-1,-1;CLASS_184 "CLASS_184" true true false 4 Long 0 0,First,#,zonal2016,zonal2016.CLASS_184,-1,-1;CLASS_185 "CLASS_185" true true false 4 Long 0 0,First,#,zonal2016,zonal2016.CLASS_185,-1,-1;CLASS_186 "CLASS_186" true true false 4 Long 0 0,First,#,zonal2016,zonal2016.CLASS_186,-1,-1;CLASS_187 "CLASS_187" true true false 4 Long 0 0,First,#,zonal2016,zonal2016.CLASS_187,-1,-1;CLASS_188 "CLASS_188" true true false 4 Long 0 0,First,#,zonal2016,zonal2016.CLASS_188,-1,-1;CLASS_189 "CLASS_189" true true false 4 Long 0 0,First,#,zonal2016,zonal2016.CLASS_189,-1,-1;CLASS_190 "CLASS_190" true true false 4 Long 0 0,First,#,zonal2016,zonal2016.CLASS_190,-1,-1;CLASS_191 "CLASS_191" true true false 4 Long 0 0,First,#,zonal2016,zonal2016.CLASS_191,-1,-1;CLASS_192 "CLASS_192" true true false 4 Long 0 0,First,#,zonal2016,zonal2016.CLASS_192,-1,-1;CLASS_193 "CLASS_193" true true false 4 Long 0 0,First,#,zonal2016,zonal2016.CLASS_193,-1,-1;CLASS_194 "CLASS_194" true true false 4 Long 0 0,First,#,zonal2016,zonal2016.CLASS_194,-1,-1;CLASS_195 "CLASS_195" true true false 4 Long 0 0,First,#,zonal2016,zonal2016.CLASS_195,-1,-1;CLASS_196 "CLASS_196" true true false 4 Long 0 0,First,#,zonal2016,zonal2016.CLASS_196,-1,-1;CLASS_197 "CLASS_197" true true false 4 Long 0 0,First,#,zonal2016,zonal2016.CLASS_197,-1,-1;CLASS_198 "CLASS_198" true true false 4 Long 0 0,First,#,zonal2016,zonal2016.CLASS_198,-1,-1;CLASS_199 "CLASS_199" true true false 4 Long 0 0,First,#,zonal2016,zonal2016.CLASS_199,-1,-1;CLASS_200 "CLASS_200" true true false 4 Long 0 0,First,#,zonal2016,zonal2016.CLASS_200,-1,-1;CLASS_201 "CLASS_201" true true false 4 Long 0 0,First,#,zonal2016,zonal2016.CLASS_201,-1,-1;CLASS_202 "CLASS_202" true true false 4 Long 0 0,First,#,zonal2016,zonal2016.CLASS_202,-1,-1;CLASS_203 "CLASS_203" true true false 4 Long 0 0,First,#,zonal2016,zonal2016.CLASS_203,-1,-1;CLASS_204 "CLASS_204" true true false 4 Long 0 0,First,#,zonal2016,zonal2016.CLASS_204,-1,-1;CLASS_205 "CLASS_205" true true false 4 Long 0 0,First,#,zonal2016,zonal2016.CLASS_205,-1,-1;CLASS_206 "CLASS_206" true true false 4 Long 0 0,First,#,zonal2016,zonal2016.CLASS_206,-1,-1;CLASS_207 "CLASS_207" true true false 4 Long 0 0,First,#,zonal2016,zonal2016.CLASS_207,-1,-1;CLASS_208 "CLASS_208" true true false 4 Long 0 0,First,#,zonal2016,zonal2016.CLASS_208,-1,-1;CLASS_209 "CLASS_209" true true false 4 Long 0 0,First,#,zonal2016,zonal2016.CLASS_209,-1,-1;CLASS_210 "CLASS_210" true true false 4 Long 0 0,First,#,zonal2016,zonal2016.CLASS_210,-1,-1;CLASS_211 "CLASS_211" true true false 4 Long 0 0,First,#,zonal2016,zonal2016.CLASS_211,-1,-1;CLASS_212 "CLASS_212" true true false 4 Long 0 0,First,#,zonal2016,zonal2016.CLASS_212,-1,-1;CLASS_213 "CLASS_213" true true false 4 Long 0 0,First,#,zonal2016,zonal2016.CLASS_213,-1,-1;CLASS_214 "CLASS_214" true true false 4 Long 0 0,First,#,zonal2016,zonal2016.CLASS_214,-1,-1;CLASS_215 "CLASS_215" true true false 4 Long 0 0,First,#,zonal2016,zonal2016.CLASS_215,-1,-1;CLASS_216 "CLASS_216" true true false 4 Long 0 0,First,#,zonal2016,zonal2016.CLASS_216,-1,-1;CLASS_217 "CLASS_217" true true false 4 Long 0 0,First,#,zonal2016,zonal2016.CLASS_217,-1,-1;CLASS_218 "CLASS_218" true true false 4 Long 0 0,First,#,zonal2016,zonal2016.CLASS_218,-1,-1;CLASS_219 "CLASS_219" true true false 4 Long 0 0,First,#,zonal2016,zonal2016.CLASS_219,-1,-1;CLASS_220 "CLASS_220" true true false 4 Long 0 0,First,#,zonal2016,zonal2016.CLASS_220,-1,-1;CLASS_221 "CLASS_221" true true false 4 Long 0 0,First,#,zonal2016,zonal2016.CLASS_221,-1,-1;CLASS_222 "CLASS_222" true true false 4 Long 0 0,First,#,zonal2016,zonal2016.CLASS_222,-1,-1;CLASS_223 "CLASS_223" true true false 4 Long 0 0,First,#,zonal2016,zonal2016.CLASS_223,-1,-1;CLASS_224 "CLASS_224" true true false 4 Long 0 0,First,#,zonal2016,zonal2016.CLASS_224,-1,-1;CLASS_225 "CLASS_225" true true false 4 Long 0 0,First,#,zonal2016,zonal2016.CLASS_225,-1,-1;CLASS_226 "CLASS_226" true true false 4 Long 0 0,First,#,zonal2016,zonal2016.CLASS_226,-1,-1;CLASS_227 "CLASS_227" true true false 4 Long 0 0,First,#,zonal2016,zonal2016.CLASS_227,-1,-1;CLASS_228 "CLASS_228" true true false 4 Long 0 0,First,#,zonal2016,zonal2016.CLASS_228,-1,-1;CLASS_229 "CLASS_229" true true false 4 Long 0 0,First,#,zonal2016,zonal2016.CLASS_229,-1,-1;CLASS_230 "CLASS_230" true true false 4 Long 0 0,First,#,zonal2016,zonal2016.CLASS_230,-1,-1;CLASS_231 "CLASS_231" true true false 4 Long 0 0,First,#,zonal2016,zonal2016.CLASS_231,-1,-1;CLASS_232 "CLASS_232" true true false 4 Long 0 0,First,#,zonal2016,zonal2016.CLASS_232,-1,-1;CLASS_233 "CLASS_233" true true false 4 Long 0 0,First,#,zonal2016,zonal2016.CLASS_233,-1,-1;CLASS_234 "CLASS_234" true true false 4 Long 0 0,First,#,zonal2016,zonal2016.CLASS_234,-1,-1;CLASS_235 "CLASS_235" true true false 4 Long 0 0,First,#,zonal2016,zonal2016.CLASS_235,-1,-1;CLASS_236 "CLASS_236" true true false 4 Long 0 0,First,#,zonal2016,zonal2016.CLASS_236,-1,-1;CLASS_237 "CLASS_237" true true false 4 Long 0 0,First,#,zonal2016,zonal2016.CLASS_237,-1,-1;CLASS_238 "CLASS_238" true true false 4 Long 0 0,First,#,zonal2016,zonal2016.CLASS_238,-1,-1;CLASS_239 "CLASS_239" true true false 4 Long 0 0,First,#,zonal2016,zonal2016.CLASS_239,-1,-1;CLASS_240 "CLASS_240" true true false 4 Long 0 0,First,#,zonal2016,zonal2016.CLASS_240,-1,-1;CLASS_241 "CLASS_241" true true false 4 Long 0 0,First,#,zonal2016,zonal2016.CLASS_241,-1,-1;CLASS_242 "CLASS_242" true true false 4 Long 0 0,First,#,zonal2016,zonal2016.CLASS_242,-1,-1;CLASS_243 "CLASS_243" true true false 4 Long 0 0,First,#,zonal2016,zonal2016.CLASS_243,-1,-1;CLASS_244 "CLASS_244" true true false 4 Long 0 0,First,#,zonal2016,zonal2016.CLASS_244,-1,-1;CLASS_245 "CLASS_245" true true false 4 Long 0 0,First,#,zonal2016,zonal2016.CLASS_245,-1,-1;CLASS_246 "CLASS_246" true true false 4 Long 0 0,First,#,zonal2016,zonal2016.CLASS_246,-1,-1;CLASS_247 "CLASS_247" true true false 4 Long 0 0,First,#,zonal2016,zonal2016.CLASS_247,-1,-1;CLASS_248 "CLASS_248" true true false 4 Long 0 0,First,#,zonal2016,zonal2016.CLASS_248,-1,-1;CLASS_249 "CLASS_249" true true false 4 Long 0 0,First,#,zonal2016,zonal2016.CLASS_249,-1,-1;CLASS_250 "CLASS_250" true true false 4 Long 0 0,First,#,zonal2016,zonal2016.CLASS_250,-1,-1;CLASS_251 "CLASS_251" true true false 4 Long 0 0,First,#,zonal2016,zonal2016.CLASS_251,-1,-1;CLASS_252 "CLASS_252" true true false 4 Long 0 0,First,#,zonal2016,zonal2016.CLASS_252,-1,-1;CLASS_253 "CLASS_253" true true false 4 Long 0 0,First,#,zonal2016,zonal2016.CLASS_253,-1,-1;CLASS_254 "CLASS_254" true true false 4 Long 0 0,First,#,zonal2016,zonal2016.CLASS_254,-1,-1;CLASS_255 "CLASS_255" true true false 4 Long 0 0,First,#,zonal2016,zonal2016.CLASS_255,-1,-1;CLASS_256 "CLASS_256" true true false 4 Long 0 0,First,#,zonal2016,zonal2016.CLASS_256,-1,-1;OBJECTID "OBJECTID" false true false 4 Long 0 9,First,#,zonal2016,worc_precincts2016.OBJECTID,-1,-1;WP_NAME "WP_NAME" true true false 50 Text 0 0,First,#,zonal2016,worc_precincts2016.WP_NAME,0,50;WARD "WARD" true true false 5 Text 0 0,First,#,zonal2016,worc_precincts2016.WARD,0,5;PRECINCT "PRECINCT" true true false 5 Text 0 0,First,#,zonal2016,worc_precincts2016.PRECINCT,0,5;DISTRICT "DISTRICT" true true false 10 Text 0 0,First,#,zonal2016,worc_precincts2016.DISTRICT,0,10;TOWN "TOWN" true true false 35 Text 0 0,First,#,zonal2016,worc_precincts2016.TOWN,0,35;TOWN_ID "TOWN_ID" true true false 4 Long 0 0,First,#,zonal2016,worc_precincts2016.TOWN_ID,-1,-1;G16PREDCLI "G16PREDCLI" true true false 4 Long 0 0,First,#,zonal2016,worc_precincts2016.G16PREDCLI,-1,-1;G16PRERTRU "G16PRERTRU" true true false 4 Long 0 0,First,#,zonal2016,worc_precincts2016.G16PRERTRU,-1,-1;G16PRELJOH "G16PRELJOH" true true false 4 Long 0 0,First,#,zonal2016,worc_precincts2016.G16PRELJOH,-1,-1;G16PREGSTE "G16PREGSTE" true true false 4 Long 0 0,First,#,zonal2016,worc_precincts2016.G16PREGSTE,-1,-1;G16PREOWRI "G16PREOWRI" true true false 4 Long 0 0,First,#,zonal2016,worc_precincts2016.G16PREOWRI,-1,-1;Shape_Length "Shape_Length" false true true 8 Double 0 0,First,#,zonal2016,worc_precincts2016.Shape_Length,-1,-1;Shape_Area "Shape_Area" false true true 8 Double 0 0,First,#,zonal2016,worc_precincts2016.Shape_Area,-1,-1;MOV2004 "MOV04" true true false 4 Long 0 0,First,#,zonal2016,worc_precincts2016.MOV2004,-1,-1;MOV2006 "MOV06" true true false 4 Long 0 0,First,#,zonal2016,worc_precincts2016.MOV2006,-1,-1;MOV2012 "MOV12" true true false 4 Long 0 0,First,#,zonal2016,worc_precincts2016.MOV2012,-1,-1;MOV2016 "MOV16" true true false 4 Long 0 0,First,#,zonal2016,worc_precincts2016.MOV2016,-1,-1;G16TOT "g16tot" true true false 4 Long 0 0,First,#,zonal2016,worc_precincts2016.G16TOT,-1,-1;mov04normal "mov04normal" true true false 8 Double 0 0,First,#,zonal2016,worc_precincts2016.mov04normal,-1,-1;mov12normal "mov12normal" true true false 8 Double 0 0,First,#,zonal2016,worc_precincts2016.mov12normal,-1,-1;mov16normal "mov16normal" true true false 8 Double 0 0,First,#,zonal2016,worc_precincts2016.mov16normal,-1,-1;Field1 "Field1" true true false 4 Long 0 0,First,#,zonal2016,MA_2012.csv.Field1,-1,-1;state "state" true true false 8000 Text 0 0,First,#,zonal2016,MA_2012.csv.state,0,8000;year "year" true true false 4 Long 0 0,First,#,zonal2016,MA_2012.csv.year,-1,-1;town_1 "town" true true false 8000 Text 0 0,First,#,zonal2016,MA_2012.csv.town,0,8000;ward_1 "ward" true true false 4 Long 0 0,First,#,zonal2016,MA_2012.csv.ward,-1,-1;precinct_1 "precinct" true true false 4 Long 0 0,First,#,zonal2016,MA_2012.csv.precinct,-1,-1;disctrict "disctrict" true true false 8000 Text 0 0,First,#,zonal2016,MA_2012.csv.disctrict,0,8000;cd "cd" true true false 4 Long 0 0,First,#,zonal2016,MA_2012.csv.cd,-1,-1;g2012_USH_dv "g2012_USH_dv" true true false 4 Long 0 0,First,#,zonal2016,MA_2012.csv.g2012_USH_dv,-1,-1;g2012_USH_rv "g2012_USH_rv" true true false 8000 Text 0 0,First,#,zonal2016,MA_2012.csv.g2012_USH_rv,0,8000;g2012_USH_tv "g2012_USH_tv" true true false 4 Long 0 0,First,#,zonal2016,MA_2012.csv.g2012_USH_tv,-1,-1;g2012_USP_dv "g2012_USP_dv" true true false 4 Long 0 0,First,#,zonal2016,MA_2012.csv.g2012_USP_dv,-1,-1;g2012_USP_rv "g2012_USP_rv" true true false 4 Long 0 0,First,#,zonal2016,MA_2012.csv.g2012_USP_rv,-1,-1;g2012_USP_tv "g2012_USP_tv" true true false 4 Long 0 0,First,#,zonal2016,MA_2012.csv.g2012_USP_tv,-1,-1;g2012_USS_dv "g2012_USS_dv" true true false 4 Long 0 0,First,#,zonal2016,MA_2012.csv.g2012_USS_dv,-1,-1;g2012_USS_rv "g2012_USS_rv" true true false 4 Long 0 0,First,#,zonal2016,MA_2012.csv.g2012_USS_rv,-1,-1;g2012_USS_tv "g2012_USS_tv" true true false 4 Long 0 0,First,#,zonal2016,MA_2012.csv.g2012_USS_tv,-1,-1;X "X" true true false 4 Long 0 0,First,#,zonal2016,MA_2004.csv.X,-1,-1;state_1 "state" true true false 8000 Text 0 0,First,#,zonal2016,MA_2004.csv.state,0,8000;year_1 "year" true true false 4 Long 0 0,First,#,zonal2016,MA_2004.csv.year,-1,-1;town_12 "town" true true false 8000 Text 0 0,First,#,zonal2016,MA_2004.csv.town,0,8000;cd_1 "cd" true true false 4 Long 0 0,First,#,zonal2016,MA_2004.csv.cd,-1,-1;ward_12 "ward" true true false 4 Long 0 0,First,#,zonal2016,MA_2004.csv.ward,-1,-1;precinct_12 "precinct" true true false 4 Long 0 0,First,#,zonal2016,MA_2004.csv.precinct,-1,-1;district_1 "district" true true false 8000 Text 0 0,First,#,zonal2016,MA_2004.csv.district,0,8000;g2004_USH_dv "g2004_USH_dv" true true false 4 Long 0 0,First,#,zonal2016,MA_2004.csv.g2004_USH_dv,-1,-1;g2004_USH_rv "g2004_USH_rv" true true false 4 Long 0 0,First,#,zonal2016,MA_2004.csv.g2004_USH_rv,-1,-1;g2004_USH_tv "g2004_USH_tv" true true false 4 Long 0 0,First,#,zonal2016,MA_2004.csv.g2004_USH_tv,-1,-1;g2004_USP_dv "g2004_USP_dv" true true false 4 Long 0 0,First,#,zonal2016,MA_2004.csv.g2004_USP_dv,-1,-1;g2004_USP_rv "g2004_USP_rv" true true false 4 Long 0 0,First,#,zonal2016,MA_2004.csv.g2004_USP_rv,-1,-1;g2004_USP_tv "g2004_USP_tv" true true false 4 Long 0 0,First,#,zonal2016,MA_2004.csv.g2004_USP_tv,-1,-1;F1 "F1" true true false 8 Double 0 0,First,#,zonal2016,MA_2006$.F1,-1,-1;state_12 "state" true true false 255 Text 0 0,First,#,zonal2016,MA_2006$.state,0,255;year_12 "year" true true false 8 Double 0 0,First,#,zonal2016,MA_2006$.year,-1,-1;town_12_13 "town" true true false 255 Text 0 0,First,#,zonal2016,MA_2006$.town,0,255;ward_12_13 "ward" true true false 8 Double 0 0,First,#,zonal2016,MA_2006$.ward,-1,-1;precinct_12_13 "precinct" true true false 8 Double 0 0,First,#,zonal2016,MA_2006$.precinct,-1,-1;cd_12 "cd" true true false 8 Double 0 0,First,#,zonal2016,MA_2006$.cd,-1,-1;district_12 "district" true true false 255 Text 0 0,First,#,zonal2016,MA_2006$.district,0,255;g2006_USH_dv "g2006_USH_dv" true true false 8 Double 0 0,First,#,zonal2016,MA_2006$.g2006_USH_dv,-1,-1;g2006_USH_rv "g2006_USH_rv" true true false 255 Text 0 0,First,#,zonal2016,MA_2006$.g2006_USH_rv,0,255;g2006_USH_tv "g2006_USH_tv" true true false 8 Double 0 0,First,#,zonal2016,MA_2006$.g2006_USH_tv,-1,-1;g2006_ATG_dv "g2006_ATG_dv" true true false 8 Double 0 0,First,#,zonal2016,MA_2006$.g2006_ATG_dv,-1,-1;g2006_ATG_rv "g2006_ATG_rv" true true false 8 Double 0 0,First,#,zonal2016,MA_2006$.g2006_ATG_rv,-1,-1;g2006_ATG_tv "g2006_ATG_tv" true true false 8 Double 0 0,First,#,zonal2016,MA_2006$.g2006_ATG_tv,-1,-1;g2006_AUD_dv "g2006_AUD_dv" true true false 8 Double 0 0,First,#,zonal2016,MA_2006$.g2006_AUD_dv,-1,-1;g2006_AUD_tv "g2006_AUD_tv" true true false 8 Double 0 0,First,#,zonal2016,MA_2006$.g2006_AUD_tv,-1,-1;g2006_GOV_dv "g2006_GOV_dv" true true false 8 Double 0 0,First,#,zonal2016,MA_2006$.g2006_GOV_dv,-1,-1;g2006_GOV_rv "g2006_GOV_rv" true true false 8 Double 0 0,First,#,zonal2016,MA_2006$.g2006_GOV_rv,-1,-1;g2006_GOV_tv "g2006_GOV_tv" true true false 8 Double 0 0,First,#,zonal2016,MA_2006$.g2006_GOV_tv,-1,-1;g2006_SOS_dv "g2006_SOS_dv" true true false 8 Double 0 0,First,#,zonal2016,MA_2006$.g2006_SOS_dv,-1,-1;g2006_SOS_tv "g2006_SOS_tv" true true false 8 Double 0 0,First,#,zonal2016,MA_2006$.g2006_SOS_tv,-1,-1;g2006_TRE_dv "g2006_TRE_dv" true true false 8 Double 0 0,First,#,zonal2016,MA_2006$.g2006_TRE_dv,-1,-1;g2006_TRE_tv "g2006_TRE_tv" true true false 8 Double 0 0,First,#,zonal2016,MA_2006$.g2006_TRE_tv,-1,-1;g2006_USS_dv "g2006_USS_dv" true true false 8 Double 0 0,First,#,zonal2016,MA_2006$.g2006_USS_dv,-1,-1;g2006_USS_rv "g2006_USS_rv" true true false 8 Double 0 0,First,#,zonal2016,MA_2006$.g2006_USS_rv,-1,-1;g2006_USS_tv "g2006_USS_tv" true true false 8 Double 0 0,First,#,zonal2016,MA_2006$.g2006_USS_tv,-1,-1;ObjectID_1 "ObjectID" false true false 4 Long 0 9,First,#,zonal2016,MA_2006$.ObjectID,-1,-1" #</Process></lineage></DataProperties></Esri></metadata>
