<metadata xml:lang="en"><Esri><CreaDate>20210531</CreaDate><CreaTime>15271300</CreaTime><ArcGISFormat>1.0</ArcGISFormat><SyncOnce>FALSE</SyncOnce><DataProperties><lineage><Process ToolSource="d:\arcgis pro\Resources\ArcToolbox\toolboxes\Spatial Analyst Tools.tbx\ZonalHistogram" Date="20210531" Time="152713">ZonalHistogram worc_precincts2016 worc_precincts2016.WP_NAME change_reclass_10yr.rst D:\ArcGIS_Projects\GEOG296_finalproj\geog296_finalproj\geog296_finalproj.gdb\zonal12 # ZONES_AS_FIELDS</Process><Process ToolSource="d:\arcgis pro\Resources\ArcToolbox\toolboxes\Conversion Tools.tbx\TableToTable" Date="20210531" Time="152948">TableToTable zonal12 D:\raster_projects\geog296final_working zonal12.csv # "LABEL "LABEL" true true false 8 Text 0 0,First,#,zonal12,LABEL,0,8;Worcester_City_Ward_5_Precinct_5 "Worcester_City_Ward_5_Precinct_5" true true false 4 Long 0 0,First,#,zonal12,Worcester_City_Ward_5_Precinct_5,-1,-1;Worcester_City_Ward_5_Precinct_3 "Worcester_City_Ward_5_Precinct_3" true true false 4 Long 0 0,First,#,zonal12,Worcester_City_Ward_5_Precinct_3,-1,-1;Worcester_City_Ward_1_Precinct_1 "Worcester_City_Ward_1_Precinct_1" true true false 4 Long 0 0,First,#,zonal12,Worcester_City_Ward_1_Precinct_1,-1,-1;Worcester_City_Ward_1_Precinct_2 "Worcester_City_Ward_1_Precinct_2" true true false 4 Long 0 0,First,#,zonal12,Worcester_City_Ward_1_Precinct_2,-1,-1;Worcester_City_Ward_1_Precinct_3 "Worcester_City_Ward_1_Precinct_3" true true false 4 Long 0 0,First,#,zonal12,Worcester_City_Ward_1_Precinct_3,-1,-1;Worcester_City_Ward_9_Precinct_5 "Worcester_City_Ward_9_Precinct_5" true true false 4 Long 0 0,First,#,zonal12,Worcester_City_Ward_9_Precinct_5,-1,-1;Worcester_City_Ward_3_Precinct_5 "Worcester_City_Ward_3_Precinct_5" true true false 4 Long 0 0,First,#,zonal12,Worcester_City_Ward_3_Precinct_5,-1,-1;Worcester_City_Ward_3_Precinct_4 "Worcester_City_Ward_3_Precinct_4" true true false 4 Long 0 0,First,#,zonal12,Worcester_City_Ward_3_Precinct_4,-1,-1;Worcester_City_Ward_7_Precinct_3 "Worcester_City_Ward_7_Precinct_3" true true false 4 Long 0 0,First,#,zonal12,Worcester_City_Ward_7_Precinct_3,-1,-1;Worcester_City_Ward_7_Precinct_1 "Worcester_City_Ward_7_Precinct_1" true true false 4 Long 0 0,First,#,zonal12,Worcester_City_Ward_7_Precinct_1,-1,-1;Worcester_City_Ward_7_Precinct_2 "Worcester_City_Ward_7_Precinct_2" true true false 4 Long 0 0,First,#,zonal12,Worcester_City_Ward_7_Precinct_2,-1,-1;Worcester_City_Ward_7_Precinct_5 "Worcester_City_Ward_7_Precinct_5" true true false 4 Long 0 0,First,#,zonal12,Worcester_City_Ward_7_Precinct_5,-1,-1;Worcester_City_Ward_8_Precinct_5 "Worcester_City_Ward_8_Precinct_5" true true false 4 Long 0 0,First,#,zonal12,Worcester_City_Ward_8_Precinct_5,-1,-1;Worcester_City_Ward_6_Precinct_4 "Worcester_City_Ward_6_Precinct_4" true true false 4 Long 0 0,First,#,zonal12,Worcester_City_Ward_6_Precinct_4,-1,-1;Worcester_City_Ward_4_Precinct_2 "Worcester_City_Ward_4_Precinct_2" true true false 4 Long 0 0,First,#,zonal12,Worcester_City_Ward_4_Precinct_2,-1,-1;Worcester_City_Ward_9_Precinct_4 "Worcester_City_Ward_9_Precinct_4" true true false 4 Long 0 0,First,#,zonal12,Worcester_City_Ward_9_Precinct_4,-1,-1;Worcester_City_Ward_7_Precinct_4 "Worcester_City_Ward_7_Precinct_4" true true false 4 Long 0 0,First,#,zonal12,Worcester_City_Ward_7_Precinct_4,-1,-1;Worcester_City_Ward_6_Precinct_2 "Worcester_City_Ward_6_Precinct_2" true true false 4 Long 0 0,First,#,zonal12,Worcester_City_Ward_6_Precinct_2,-1,-1;Worcester_City_Ward_6_Precinct_5 "Worcester_City_Ward_6_Precinct_5" true true false 4 Long 0 0,First,#,zonal12,Worcester_City_Ward_6_Precinct_5,-1,-1;Worcester_City_Ward_5_Precinct_4 "Worcester_City_Ward_5_Precinct_4" true true false 4 Long 0 0,First,#,zonal12,Worcester_City_Ward_5_Precinct_4,-1,-1;Worcester_City_Ward_4_Precinct_5 "Worcester_City_Ward_4_Precinct_5" true true false 4 Long 0 0,First,#,zonal12,Worcester_City_Ward_4_Precinct_5,-1,-1;Worcester_City_Ward_2_Precinct_1 "Worcester_City_Ward_2_Precinct_1" true true false 4 Long 0 0,First,#,zonal12,Worcester_City_Ward_2_Precinct_1,-1,-1;Worcester_City_Ward_1_Precinct_5 "Worcester_City_Ward_1_Precinct_5" true true false 4 Long 0 0,First,#,zonal12,Worcester_City_Ward_1_Precinct_5,-1,-1" #</Process></lineage><itemProps><itemName Sync="TRUE">zonal12.csv</itemName><imsContentType Sync="TRUE">005</imsContentType><itemLocation><linkage Sync="TRUE">file://\\RYAN-DESKTOP\D$\raster_projects\geog296final_working\zonal12.csv</linkage><protocol Sync="TRUE">Local Area Network</protocol></itemLocation><itemSize Sync="TRUE">0.001</itemSize></itemProps></DataProperties><SyncDate>20210531</SyncDate><SyncTime>15294800</SyncTime><ModDate>20210531</ModDate><ModTime>15294800</ModTime></Esri><dataIdInfo><envirDesc Sync="TRUE">Microsoft Windows 10 Version 10.0 (Build 19041) ; Esri ArcGIS 12.8.0.29751</envirDesc><dataLang><languageCode value="eng" Sync="TRUE"></languageCode><countryCode value="USA" Sync="TRUE"></countryCode></dataLang><idCitation><resTitle Sync="TRUE">zonal12.csv</resTitle><presForm><PresFormCd value="001" Sync="TRUE"></PresFormCd></presForm></idCitation></dataIdInfo><mdLang><languageCode value="eng" Sync="TRUE"></languageCode><countryCode value="USA" Sync="TRUE"></countryCode></mdLang><distInfo><distFormat><formatName Sync="TRUE">Text File</formatName></distFormat><distTranOps><transSize Sync="TRUE">0.001</transSize></distTranOps></distInfo><mdHrLv><ScopeCd value="007" Sync="TRUE"></ScopeCd></mdHrLv><mdHrLvName Sync="TRUE">non-geographic dataset</mdHrLvName><eainfo><detailed Name="zonal12.csv"><enttyp><enttypl Sync="TRUE">zonal12.csv</enttypl><enttypt Sync="TRUE">Table</enttypt><enttypc Sync="TRUE">0</enttypc></enttyp><attr><attrlabl Sync="TRUE">OID_</attrlabl><attalias Sync="TRUE">OID_</attalias><attrtype Sync="TRUE">Integer</attrtype><attwidth Sync="TRUE">4</attwidth><atprecis Sync="TRUE">0</atprecis><attscale Sync="TRUE">0</attscale></attr><attr><attrlabl Sync="TRUE">LABEL</attrlabl><attalias Sync="TRUE">LABEL</attalias><attrtype Sync="TRUE">String</attrtype><attwidth Sync="TRUE">8</attwidth><atprecis Sync="TRUE">0</atprecis><attscale Sync="TRUE">0</attscale></attr><attr><attrlabl Sync="TRUE">Worcester_City_Ward_5_Precinct_5</attrlabl><attalias Sync="TRUE">Worcester_City_Ward_5_Precinct_5</attalias><attrtype Sync="TRUE">Integer</attrtype><attwidth Sync="TRUE">4</attwidth><atprecis Sync="TRUE">0</atprecis><attscale Sync="TRUE">0</attscale></attr><attr><attrlabl Sync="TRUE">Worcester_City_Ward_5_Precinct_3</attrlabl><attalias Sync="TRUE">Worcester_City_Ward_5_Precinct_3</attalias><attrtype Sync="TRUE">Integer</attrtype><attwidth Sync="TRUE">4</attwidth><atprecis Sync="TRUE">0</atprecis><attscale Sync="TRUE">0</attscale></attr><attr><attrlabl Sync="TRUE">Worcester_City_Ward_1_Precinct_1</attrlabl><attalias Sync="TRUE">Worcester_City_Ward_1_Precinct_1</attalias><attrtype Sync="TRUE">Integer</attrtype><attwidth Sync="TRUE">4</attwidth><atprecis Sync="TRUE">0</atprecis><attscale Sync="TRUE">0</attscale></attr><attr><attrlabl Sync="TRUE">Worcester_City_Ward_1_Precinct_2</attrlabl><attalias Sync="TRUE">Worcester_City_Ward_1_Precinct_2</attalias><attrtype Sync="TRUE">Integer</attrtype><attwidth Sync="TRUE">4</attwidth><atprecis Sync="TRUE">0</atprecis><attscale Sync="TRUE">0</attscale></attr><attr><attrlabl Sync="TRUE">Worcester_City_Ward_1_Precinct_3</attrlabl><attalias Sync="TRUE">Worcester_City_Ward_1_Precinct_3</attalias><attrtype Sync="TRUE">Integer</attrtype><attwidth Sync="TRUE">4</attwidth><atprecis Sync="TRUE">0</atprecis><attscale Sync="TRUE">0</attscale></attr><attr><attrlabl Sync="TRUE">Worcester_City_Ward_9_Precinct_5</attrlabl><attalias Sync="TRUE">Worcester_City_Ward_9_Precinct_5</attalias><attrtype Sync="TRUE">Integer</attrtype><attwidth Sync="TRUE">4</attwidth><atprecis Sync="TRUE">0</atprecis><attscale Sync="TRUE">0</attscale></attr><attr><attrlabl Sync="TRUE">Worcester_City_Ward_3_Precinct_5</attrlabl><attalias Sync="TRUE">Worcester_City_Ward_3_Precinct_5</attalias><attrtype Sync="TRUE">Integer</attrtype><attwidth Sync="TRUE">4</attwidth><atprecis Sync="TRUE">0</atprecis><attscale Sync="TRUE">0</attscale></attr><attr><attrlabl Sync="TRUE">Worcester_City_Ward_3_Precinct_4</attrlabl><attalias Sync="TRUE">Worcester_City_Ward_3_Precinct_4</attalias><attrtype Sync="TRUE">Integer</attrtype><attwidth Sync="TRUE">4</attwidth><atprecis Sync="TRUE">0</atprecis><attscale Sync="TRUE">0</attscale></attr><attr><attrlabl Sync="TRUE">Worcester_City_Ward_7_Precinct_3</attrlabl><attalias Sync="TRUE">Worcester_City_Ward_7_Precinct_3</attalias><attrtype Sync="TRUE">Integer</attrtype><attwidth Sync="TRUE">4</attwidth><atprecis Sync="TRUE">0</atprecis><attscale Sync="TRUE">0</attscale></attr><attr><attrlabl Sync="TRUE">Worcester_City_Ward_7_Precinct_1</attrlabl><attalias Sync="TRUE">Worcester_City_Ward_7_Precinct_1</attalias><attrtype Sync="TRUE">Integer</attrtype><attwidth Sync="TRUE">4</attwidth><atprecis Sync="TRUE">0</atprecis><attscale Sync="TRUE">0</attscale></attr><attr><attrlabl Sync="TRUE">Worcester_City_Ward_7_Precinct_2</attrlabl><attalias Sync="TRUE">Worcester_City_Ward_7_Precinct_2</attalias><attrtype Sync="TRUE">Integer</attrtype><attwidth Sync="TRUE">4</attwidth><atprecis Sync="TRUE">0</atprecis><attscale Sync="TRUE">0</attscale></attr><attr><attrlabl Sync="TRUE">Worcester_City_Ward_7_Precinct_5</attrlabl><attalias Sync="TRUE">Worcester_City_Ward_7_Precinct_5</attalias><attrtype Sync="TRUE">Integer</attrtype><attwidth Sync="TRUE">4</attwidth><atprecis Sync="TRUE">0</atprecis><attscale Sync="TRUE">0</attscale></attr><attr><attrlabl Sync="TRUE">Worcester_City_Ward_8_Precinct_5</attrlabl><attalias Sync="TRUE">Worcester_City_Ward_8_Precinct_5</attalias><attrtype Sync="TRUE">Integer</attrtype><attwidth Sync="TRUE">4</attwidth><atprecis Sync="TRUE">0</atprecis><attscale Sync="TRUE">0</attscale></attr><attr><attrlabl Sync="TRUE">Worcester_City_Ward_6_Precinct_4</attrlabl><attalias Sync="TRUE">Worcester_City_Ward_6_Precinct_4</attalias><attrtype Sync="TRUE">Integer</attrtype><attwidth Sync="TRUE">4</attwidth><atprecis Sync="TRUE">0</atprecis><attscale Sync="TRUE">0</attscale></attr><attr><attrlabl Sync="TRUE">Worcester_City_Ward_4_Precinct_2</attrlabl><attalias Sync="TRUE">Worcester_City_Ward_4_Precinct_2</attalias><attrtype Sync="TRUE">Integer</attrtype><attwidth Sync="TRUE">4</attwidth><atprecis Sync="TRUE">0</atprecis><attscale Sync="TRUE">0</attscale></attr><attr><attrlabl Sync="TRUE">Worcester_City_Ward_9_Precinct_4</attrlabl><attalias Sync="TRUE">Worcester_City_Ward_9_Precinct_4</attalias><attrtype Sync="TRUE">Integer</attrtype><attwidth Sync="TRUE">4</attwidth><atprecis Sync="TRUE">0</atprecis><attscale Sync="TRUE">0</attscale></attr><attr><attrlabl Sync="TRUE">Worcester_City_Ward_7_Precinct_4</attrlabl><attalias Sync="TRUE">Worcester_City_Ward_7_Precinct_4</attalias><attrtype Sync="TRUE">Integer</attrtype><attwidth Sync="TRUE">4</attwidth><atprecis Sync="TRUE">0</atprecis><attscale Sync="TRUE">0</attscale></attr><attr><attrlabl Sync="TRUE">Worcester_City_Ward_6_Precinct_2</attrlabl><attalias Sync="TRUE">Worcester_City_Ward_6_Precinct_2</attalias><attrtype Sync="TRUE">Integer</attrtype><attwidth Sync="TRUE">4</attwidth><atprecis Sync="TRUE">0</atprecis><attscale Sync="TRUE">0</attscale></attr><attr><attrlabl Sync="TRUE">Worcester_City_Ward_6_Precinct_5</attrlabl><attalias Sync="TRUE">Worcester_City_Ward_6_Precinct_5</attalias><attrtype Sync="TRUE">Integer</attrtype><attwidth Sync="TRUE">4</attwidth><atprecis Sync="TRUE">0</atprecis><attscale Sync="TRUE">0</attscale></attr><attr><attrlabl Sync="TRUE">Worcester_City_Ward_5_Precinct_4</attrlabl><attalias Sync="TRUE">Worcester_City_Ward_5_Precinct_4</attalias><attrtype Sync="TRUE">Integer</attrtype><attwidth Sync="TRUE">4</attwidth><atprecis Sync="TRUE">0</atprecis><attscale Sync="TRUE">0</attscale></attr><attr><attrlabl Sync="TRUE">Worcester_City_Ward_4_Precinct_5</attrlabl><attalias Sync="TRUE">Worcester_City_Ward_4_Precinct_5</attalias><attrtype Sync="TRUE">Integer</attrtype><attwidth Sync="TRUE">4</attwidth><atprecis Sync="TRUE">0</atprecis><attscale Sync="TRUE">0</attscale></attr><attr><attrlabl Sync="TRUE">Worcester_City_Ward_2_Precinct_1</attrlabl><attalias Sync="TRUE">Worcester_City_Ward_2_Precinct_1</attalias><attrtype Sync="TRUE">Integer</attrtype><attwidth Sync="TRUE">4</attwidth><atprecis Sync="TRUE">0</atprecis><attscale Sync="TRUE">0</attscale></attr><attr><attrlabl Sync="TRUE">Worcester_City_Ward_1_Precinct_5</attrlabl><attalias Sync="TRUE">Worcester_City_Ward_1_Precinct_5</attalias><attrtype Sync="TRUE">Integer</attrtype><attwidth Sync="TRUE">4</attwidth><atprecis Sync="TRUE">0</atprecis><attscale Sync="TRUE">0</attscale></attr></detailed></eainfo><mdDateSt Sync="TRUE">20210531</mdDateSt></metadata>
